,season,average
0,Summer,0.3209140891359769
1,Autumn,0.277590072795405
2,Spring,0.2019227815830697
3,Winter,0.19957305648554843
